-- Inserindo dados em CLIENTE
INSERT INTO CLIENTE (ID_CLIENTE, NOME, TIPO_CLI, CPF) VALUES (1, 'João Silva', 'Regular', '12345678901');
INSERT INTO CLIENTE (ID_CLIENTE, NOME, TIPO_CLI, CPF) VALUES (2, 'Maria Oliveira', 'VIP', '98765432100');

-- Inserindo dados em PEDIDOS
INSERT INTO PEDIDOS (ID_PEDIDO, DATA, STATUS, ID_CLIENTE) VALUES (1, '2024-10-01', 'Pendente', 1);
INSERT INTO PEDIDOS (ID_PEDIDO, DATA, STATUS, ID_CLIENTE) VALUES (2, '2024-10-02', 'Concluído', 2);

-- Inserindo dados em LIVROS
INSERT INTO LIVROS (ISBN, ANO, EDITORA, TITULO) VALUES ('9781234567897', 2023, 'Editora A', 'Introdução ao SQL');
INSERT INTO LIVROS (ISBN, ANO, EDITORA, TITULO) VALUES ('9789876543210', 2022, 'Editora B', 'Avançado em SQL');

-- Inserindo dados em CATEGORIA
INSERT INTO CATEGORIA (CODIGO, DESCRICAO) VALUES (1, 'Programação');
INSERT INTO CATEGORIA (CODIGO, DESCRICAO) VALUES (2, 'Banco de Dados');

-- Inserindo dados em AUTOR
INSERT INTO AUTOR (IDAUTOR, NOME, NACIONALIDADE) VALUES (1, 'Carlos Souza', 'Brasileiro');
INSERT INTO AUTOR (IDAUTOR, NOME, NACIONALIDADE) VALUES (2, 'Ana Martins', 'Portuguesa');

-- Inserindo dados em CARRINHO
INSERT INTO CARRINHO (ID_CLIENTE, ID_PEDIDO, ISBN, UNIDADES) VALUES (1, 1, '9781234567897', 2);
INSERT INTO CARRINHO (ID_CLIENTE, ID_PEDIDO, ISBN, UNIDADES) VALUES (2, 2, '9789876543210', 1);

-- Inserindo dados em CLASSIFICA
INSERT INTO CLASSIFICA (CODIGO, ISBN) VALUES (1, '9781234567897');
INSERT INTO CLASSIFICA (CODIGO, ISBN) VALUES (2, '9789876543210');

-- Inserindo dados em ESCREVE
INSERT INTO ESCREVE (IDAUTOR, ISBN) VALUES (1, '9781234567897');
INSERT INTO ESCREVE (IDAUTOR, ISBN) VALUES (2, '9789876543210');
